제품명,가격,리뷰수,링크
"베베숲 시그니처 블루 유아물티슈 캡형, 75g, 70매, 10개","23,900원",102266,https://www.coupang.com/vp/products/6532149469?itemId=6922145055&vendorItemId=3096887843&sourceType=srp_product_ads&clickEventId=37153940-7285-11f0-868a-ff517ce51f67&korePlacement=15&koreSubPlacement=1&clickEventId=37153940-7285-11f0-868a-ff517ce51f67&korePlacement=15&koreSubPlacement=1
"코멧 오리지널 유아용 아기물티슈 캡형, 50g, 100매, 10개","10,890원",400579,https://www.coupang.com/vp/products/188227098?itemId=537550763&vendorItemId=4403776090&pickType=COU_PICK&q=물티슈&searchId=67d93d74753082&sourceType=search&itemsCount=36&searchRank=1&rank=1
"탐사 클래식 물티슈 캡형, 100매, 20개","15,490원",286072,https://www.coupang.com/vp/products/305672892?itemId=3984481086&vendorItemId=71968792459&q=물티슈&searchId=67d93d74753082&sourceType=search&itemsCount=36&searchRank=2&rank=2
"탐사 클래식 물티슈 캡형, 100매, 10개","7,890원",286072,https://www.coupang.com/vp/products/305672892?itemId=963428194&vendorItemId=5366452533&q=물티슈&searchId=67d93d74753082&sourceType=search&itemsCount=36&searchRank=3&rank=3
"탐사 클래식 물티슈 캡형, 100매, 10개","7,890원",286072,https://www.coupang.com/vp/products/305672892?itemId=963428194&vendorItemId=5366452533&sourceType=srp_product_ads&clickEventId=37156050-7285-11f0-afa5-2bc523f16aa2&korePlacement=15&koreSubPlacement=5&clickEventId=37156050-7285-11f0-afa5-2bc523f16aa2&korePlacement=15&koreSubPlacement=5
"브라운라이프 베이지 엠보싱 대용량 물티슈 캡형, 50g, 100매, 10개","11,900원",6777,https://www.coupang.com/vp/products/8161005570?itemId=23266594500&vendorItemId=90298957832&sourceType=srp_product_ads&clickEventId=37156050-7285-11f0-9f3c-a99b685d3e10&korePlacement=15&koreSubPlacement=6&clickEventId=37156050-7285-11f0-9f3c-a99b685d3e10&korePlacement=15&koreSubPlacement=6
"코멧 오리지널 아기물티슈 캡형, 50g, 100매, 20개","19,890원",400579,https://www.coupang.com/vp/products/188227098?itemId=6706535406&vendorItemId=74000115996&q=물티슈&searchId=67d93d74753082&sourceType=search&itemsCount=36&searchRank=6&rank=6
"코멧 저자극 시그니처 아기물티슈 엠보싱 캡형 더마테스트 인증, 55g, 100매, 10개","12,690원",297958,https://www.coupang.com/vp/products/252301180?itemId=795038805&vendorItemId=5018255169&q=물티슈&searchId=67d93d74753082&sourceType=search&itemsCount=36&searchRank=7&rank=7
"브라운라이프 그레이지 도톰한 대용량 아기물티슈 캡형, 10팩, 100매, 50g","10,900원",5,https://www.coupang.com/vp/products/8926408328?itemId=26090856399&vendorItemId=93071642946&sourceType=srp_product_ads&clickEventId=37158760-7285-11f0-a496-d9a2f8e82183&korePlacement=15&koreSubPlacement=9&clickEventId=37158760-7285-11f0-a496-d9a2f8e82183&korePlacement=15&koreSubPlacement=9
"아망떼 퓨어 대용량 도톰 아기물티슈 캡형, 50g, 120매, 10개","13,900원",916,https://www.coupang.com/vp/products/8250137518?itemId=23750201770&vendorItemId=90774727974&q=물티슈&searchId=67d93d74753082&sourceType=search&itemsCount=36&searchRank=9&rank=9
"브라운 오리지널 플러스 아기물티슈 캡형, 55g, 80매, 10개","18,900원",50414,https://www.coupang.com/vp/products/6489890342?itemId=15153182964&vendorItemId=3349268740&sourceType=srp_product_ads&clickEventId=37158760-7285-11f0-8bba-15d2aacf8c6a&korePlacement=15&koreSubPlacement=11&clickEventId=37158760-7285-11f0-8bba-15d2aacf8c6a&korePlacement=15&koreSubPlacement=11
"NEEDS 브라운 저자극 도톰 엠보싱 아기물티슈 캡형, 80g, 70매, 10개","15,900원",7827,https://www.coupang.com/vp/products/6702057150?itemId=15527560731&vendorItemId=82746777680&sourceType=srp_product_ads&clickEventId=37158760-7285-11f0-9ff5-0a6fe28787ad&korePlacement=15&koreSubPlacement=12&clickEventId=37158760-7285-11f0-9ff5-0a6fe28787ad&korePlacement=15&koreSubPlacement=12
"모나리자 내추럴 플러스 물티슈 캡형, 1g, 100매입, 20개","14,930원",12340,https://www.coupang.com/vp/products/8312207271?itemId=20090688205&vendorItemId=91104364716&q=물티슈&searchId=67d93d74753082&sourceType=search&itemsCount=36&searchRank=12&rank=12
"Bebeen 오리지널 플러스 영유아물티슈 캡형, 55g, 100개입, 10개","14,420원",316324,https://www.coupang.com/vp/products/7857883733?itemId=21436012405&vendorItemId=3091339209&q=물티슈&searchId=67d93d74753082&sourceType=search&itemsCount=36&searchRank=13&rank=13
"깨끗한나라 퓨어 그린 물티슈 캡형, 100매, 12개","14,750원",1539,https://www.coupang.com/vp/products/7396348482?itemId=19133703652&vendorItemId=87657499834&q=물티슈&searchId=67d93d74753082&sourceType=search&itemsCount=36&searchRank=14&rank=14
"캡형 엠보싱 휴대용 20개 물티슈 물휴지 6580EA 1(EA), 1개, 1개","32,340원",0,https://www.coupang.com/vp/products/8953014614?itemId=26190050065&vendorItemId=93169446116&q=물티슈&searchId=67d93d74753082&sourceType=search&itemsCount=36&searchRank=15&rank=15
"리벤스 스페셜 민트 물티슈 캡형, 10세트, 100매, 40g","7,400원",4795,https://www.coupang.com/vp/products/8466035436?itemId=24495587357&vendorItemId=91508759715&q=물티슈&searchId=67d93d74753082&sourceType=search&itemsCount=36&searchRank=16&rank=16
"깨끗한나라 페퍼민트 물티슈 캡형, 45g, 70개입, 10개","12,900원",72498,https://www.coupang.com/vp/products/8255471863?itemId=12992372&vendorItemId=3059399258&q=물티슈&searchId=67d93d74753082&sourceType=search&itemsCount=36&searchRank=17&rank=17
"블랑슈 오리지널 소프트 유아물티슈 캡형, 55g, 102매, 10개","12,990원",37423,https://www.coupang.com/vp/products/8657673808?itemId=19248537252&vendorItemId=85201539788&q=물티슈&searchId=67d93d74753082&sourceType=search&itemsCount=36&searchRank=18&rank=18
"리벤스 스페셜 민트 물티슈 캡형, 20세트, 100매, 40g","12,900원",4795,https://www.coupang.com/vp/products/8466035436?itemId=24495587358&vendorItemId=91508759727&q=물티슈&searchId=67d93d74753082&sourceType=search&itemsCount=36&searchRank=19&rank=19
"미엘 더 클래식 시그니처 엠보싱 물티슈 캡형, 55g, 100매, 10개","12,790원",304,https://www.coupang.com/vp/products/8702637208?itemId=25272403106&vendorItemId=92268113190&sourceType=srp_product_ads&clickEventId=37158760-7285-11f0-ae74-f65d6b51a7e3&korePlacement=15&koreSubPlacement=21&clickEventId=37158760-7285-11f0-ae74-f65d6b51a7e3&korePlacement=15&koreSubPlacement=21
"시치미 쓱 데일리 물티슈 캡형, 10개, 100개입, 50g","11,900원",36585,https://www.coupang.com/vp/products/8607929952?itemId=25087105603&vendorItemId=83921553399&sourceType=srp_product_ads&clickEventId=37158760-7285-11f0-9de4-f08ba9f1b283&korePlacement=15&koreSubPlacement=22&clickEventId=37158760-7285-11f0-9de4-f08ba9f1b283&korePlacement=15&koreSubPlacement=22
"그린핑거 라라소프트 아기물티슈 산리오 캡형, 16개, 100매, 55g","27,600원",54,https://www.coupang.com/vp/products/8880642695?itemId=25927758883&vendorItemId=92913139163&q=물티슈&searchId=67d93d74753082&sourceType=search&itemsCount=36&searchRank=22&rank=22
"베베숲 유아용 오리진 물티슈 캡형, 50g, 100매, 10개","12,900원",52544,https://www.coupang.com/vp/products/7455919074?itemId=24108242235&vendorItemId=85984112985&q=물티슈&searchId=67d93d74753082&sourceType=search&itemsCount=36&searchRank=23&rank=23
"비브어반네이처 허니로즈 아기물티슈 캡형, 50g, 100매, 10개","9,900원",17832,https://www.coupang.com/vp/products/7060621760?itemId=17505420997&vendorItemId=84672727551&q=물티슈&searchId=67d93d74753082&sourceType=search&itemsCount=36&searchRank=24&rank=24
"깨끗한나라 프레쉬 물티슈 페퍼민트 캡형, 45g, 70개입, 20개","23,040원",72498,https://www.coupang.com/vp/products/8255471863?itemId=17468404663&vendorItemId=85072866805&q=물티슈&searchId=67d93d74753082&sourceType=search&itemsCount=36&searchRank=25&rank=25
"노브랜드 도톰한 100매 물티슈, 100개입, 12개","14,590원",9135,https://www.coupang.com/vp/products/2056087318?itemId=20036192297&vendorItemId=92179639983&q=물티슈&searchId=67d93d74753082&sourceType=search&itemsCount=36&searchRank=26&rank=26
"그린핑거 라라소프트 아기물티슈 산리오 캡형, 24개, 100매, 55g","41,400원",54,https://www.coupang.com/vp/products/8880642695?itemId=25927758929&vendorItemId=92913139212&q=물티슈&searchId=67d93d74753082&sourceType=search&itemsCount=36&searchRank=27&rank=27
"리벤스 퓨어워터 아기물티슈 엠보싱 캡형, 10개, 100매, 50g","9,400원",3858,https://www.coupang.com/vp/products/8466035425?itemId=24495587313&vendorItemId=91508759661&q=물티슈&searchId=67d93d74753082&sourceType=search&itemsCount=36&searchRank=28&rank=28
"가드데이 프리미엄 정제수 휴대용 물티슈 캡형, 230g, 100매입, 20개","12,490원",1472,https://www.coupang.com/vp/products/8342279145?itemId=24016421537&vendorItemId=91133970706&q=물티슈&searchId=67d93d74753082&sourceType=search&itemsCount=36&searchRank=29&rank=29
"모나리자 내추럴 플러스 물티슈 캡형, 192g, 100매입, 40개","29,900원",12340,https://www.coupang.com/vp/products/8312207271?itemId=19062995838&vendorItemId=91379371299&q=물티슈&searchId=67d93d74753082&sourceType=search&itemsCount=36&searchRank=30&rank=30
"Bebeen 포유 프리미엄 영유아 물티슈 캡형, 75g, 70개입, 10개","15,800원",5547,https://www.coupang.com/vp/products/7881910490?itemId=21557487145&vendorItemId=88610070055&q=물티슈&searchId=67d93d74753082&sourceType=search&itemsCount=36&searchRank=31&rank=31
"오곡물티슈 100매 캡형x10팩, 10개","13,500원",0,https://www.coupang.com/vp/products/8955942989?itemId=26201936533&vendorItemId=93197205434&q=물티슈&searchId=67d93d74753082&sourceType=search&itemsCount=36&searchRank=32&rank=32
"브라운 오리지널 플러스 아기물티슈 캡형, 55g, 80매, 10개","18,900원",50414,https://www.coupang.com/vp/products/6489890342?itemId=15153182964&vendorItemId=3349268740&q=물티슈&searchId=67d93d74753082&sourceType=search&itemsCount=36&searchRank=33&rank=33
"코멧 아기물티슈 오리지널 플러스 120 엠보싱 대용량 캡형, 50g, 120개입, 10개","11,890원",4392,https://www.coupang.com/vp/products/6809861982?itemId=16106231395&vendorItemId=83303417835&q=물티슈&searchId=67d93d74753082&sourceType=search&itemsCount=36&searchRank=34&rank=34
"크리넥스 에코그린 물티슈 캡형, 50g, 70매, 4개","5,700원",6678,https://www.coupang.com/vp/products/7014943794?itemId=17252831494&vendorItemId=77294582916&sourceType=srp_product_ads&clickEventId=37158760-7285-11f0-83fd-86073db3ab31&korePlacement=15&koreSubPlacement=37&clickEventId=37158760-7285-11f0-83fd-86073db3ab31&korePlacement=15&koreSubPlacement=37
"베베숲 시그니처 블루 유아물티슈 캡형, 75g, 70매, 10개","23,900원",102266,https://www.coupang.com/vp/products/6532149469?itemId=6922145055&vendorItemId=3096887843&sourceType=srp_product_ads&clickEventId=3a451c70-7285-11f0-959a-0a88eb4a0a87&korePlacement=15&koreSubPlacement=37&clickEventId=3a451c70-7285-11f0-959a-0a88eb4a0a87&korePlacement=15&koreSubPlacement=37
"탐사 깨끗하게 물티슈 캡형, 100개입, 10개","7,590원",11075,https://www.coupang.com/vp/products/7674733545?itemId=20483319220&vendorItemId=87562244302&q=물티슈&searchId=14a123b03803696&sourceType=search&itemsCount=36&searchRank=37&rank=37
"탐사 클래식 물티슈 캡형, 100매, 10개","7,890원",286072,https://www.coupang.com/vp/products/305672892?itemId=963428194&vendorItemId=5366452533&sourceType=srp_product_ads&clickEventId=3a451c70-7285-11f0-b21c-613a11fe1e98&korePlacement=15&koreSubPlacement=39&clickEventId=3a451c70-7285-11f0-b21c-613a11fe1e98&korePlacement=15&koreSubPlacement=39
"도리도리 퓨어 아기물티슈 캡형, 40g, 100매, 10개","8,900원",34792,https://www.coupang.com/vp/products/7337923814?itemId=18853150611&vendorItemId=82042656585&q=물티슈&searchId=14a123b03803696&sourceType=search&itemsCount=36&searchRank=39&rank=39
"시치미 쓱 데일리 물티슈 캡형, 20개, 100개입, 50g","23,400원",36585,https://www.coupang.com/vp/products/8607929952?itemId=25087150904&vendorItemId=83921553416&sourceType=srp_product_ads&clickEventId=3a451c70-7285-11f0-a031-fa07fce2578a&korePlacement=15&koreSubPlacement=41&clickEventId=3a451c70-7285-11f0-a031-fa07fce2578a&korePlacement=15&koreSubPlacement=41
"쁘띠루쥬 70평량 엠보싱 물티슈 캡형, 70g, 72매, 10개","10,900원",577,https://www.coupang.com/vp/products/8710526284?itemId=25296559147&vendorItemId=92291859210&q=물티슈&searchId=14a123b03803696&sourceType=search&itemsCount=36&searchRank=41&rank=41
"시치미 쓱 데일리 물티슈 캡형, 10개, 100개입, 50g","11,900원",36585,https://www.coupang.com/vp/products/8607929952?itemId=25087105603&vendorItemId=83921553399&sourceType=srp_product_ads&clickEventId=3a451c70-7285-11f0-8d71-5881e21e9807&korePlacement=15&koreSubPlacement=43&clickEventId=3a451c70-7285-11f0-8d71-5881e21e9807&korePlacement=15&koreSubPlacement=43
"랄랄라 모두를 위한 제주산 당근 물티슈 100매 10팩, 1개","15,640원",0,https://www.coupang.com/vp/products/8775639323?itemId=26218104759&vendorItemId=93197065649&q=물티슈&searchId=14a123b03803696&sourceType=search&itemsCount=36&searchRank=43&rank=43
"크리넥스 에코그린 물티슈 캡형, 50g, 70매, 8개","9,900원",6678,https://www.coupang.com/vp/products/7014943794?itemId=17910183431&vendorItemId=85072870693&q=물티슈&searchId=14a123b03803696&sourceType=search&itemsCount=36&searchRank=44&rank=44
"탐사 클린 물티슈 캡형, 100매, 10개","8,290원",16129,https://www.coupang.com/vp/products/2310371461?itemId=3984481100&vendorItemId=71968792505&q=물티슈&searchId=14a123b03803696&sourceType=search&itemsCount=36&searchRank=45&rank=45
"미엘 클래식 물티슈 캡형, 50g, 100매, 20개","23,060원",16150,https://www.coupang.com/vp/products/8390034039?itemId=17861079128&vendorItemId=70859134256&sourceType=srp_product_ads&clickEventId=3a451c70-7285-11f0-93f4-707d029dc716&korePlacement=15&koreSubPlacement=47&clickEventId=3a451c70-7285-11f0-93f4-707d029dc716&korePlacement=15&koreSubPlacement=47
"탐사 깔끔하게 다용도 물티슈 캡형 50gsm, 100매, 10개","8,490원",1564,https://www.coupang.com/vp/products/7699926049?itemId=20483319258&vendorItemId=87562244344&q=물티슈&searchId=14a123b03803696&sourceType=search&itemsCount=36&searchRank=47&rank=47
"브라운 오리지널 플러스 아기물티슈 캡형, 55g, 80매, 10개","18,900원",50414,https://www.coupang.com/vp/products/6489890342?itemId=15153182964&vendorItemId=3349268740&sourceType=srp_product_ads&clickEventId=3a451c70-7285-11f0-b7b0-da60a7c5cd3c&korePlacement=15&koreSubPlacement=49&clickEventId=3a451c70-7285-11f0-b7b0-da60a7c5cd3c&korePlacement=15&koreSubPlacement=49
"코멧 아기물티슈 라이트 캡형, 40g, 100개입, 10개","8,590원",106651,https://www.coupang.com/vp/products/207610797?itemId=608607889&vendorItemId=4403776133&q=물티슈&searchId=14a123b03803696&sourceType=search&itemsCount=36&searchRank=49&rank=49
클리어 베이직 물티슈 100매 20팩 (캡형) 대용량 플레인 갓성비 저자극,"17,050원",0,https://www.coupang.com/vp/products/8950971684?itemId=26216931364&vendorItemId=93197174951&q=물티슈&searchId=14a123b03803696&sourceType=search&itemsCount=36&searchRank=50&rank=50
"탐사 깔끔하게 물티슈 캡형 50g, 100매, 2개","3,990원",1564,https://www.coupang.com/vp/products/7699926049?itemId=21775524546&vendorItemId=88824346437&q=물티슈&searchId=14a123b03803696&sourceType=search&itemsCount=36&searchRank=51&rank=51
"깨끗한나라 베이비 케어 디 오리진 물티슈 캡형, 50g, 100매, 10개","8,900원",2787,https://www.coupang.com/vp/products/7837075849?itemId=21325204585&vendorItemId=88384214163&q=물티슈&searchId=14a123b03803696&sourceType=search&itemsCount=36&searchRank=52&rank=52
"[비건라이프] 깨끗한나라 편백 민트 물티슈 캡형, 80매입, 10개","12,650원",1366,https://www.coupang.com/vp/products/7279163004?itemId=18434283458&vendorItemId=85717579551&q=물티슈&searchId=14a123b03803696&sourceType=search&itemsCount=36&searchRank=53&rank=53
"본블랑 순한 물티슈 캡형, 50g, 100매, 10개","8,900원",1006,https://www.coupang.com/vp/products/8627109551?itemId=25031358828&vendorItemId=92036022661&q=물티슈&searchId=14a123b03803696&sourceType=search&itemsCount=36&searchRank=54&rank=54
"유한킴벌리 물티슈 펄프 스캇 3개 에코종이 5300EA 1(EA), 1개, 1개","16,710원",0,https://www.coupang.com/vp/products/8957075669?itemId=26207743697&vendorItemId=93186863760&q=물티슈&searchId=14a123b03803696&sourceType=search&itemsCount=36&searchRank=55&rank=55
"브라운 프리미엄 옐로우 아기물티슈 캡형, 73g, 72매, 10개","22,900원",54685,https://www.coupang.com/vp/products/7870430619?itemId=21498415612&vendorItemId=3066423354&sourceType=srp_product_ads&clickEventId=3a454380-7285-11f0-b7b1-cbb47fbe2c19&korePlacement=15&koreSubPlacement=57&clickEventId=3a454380-7285-11f0-b7b1-cbb47fbe2c19&korePlacement=15&koreSubPlacement=57
"리벤스 로얄 플러스 아기 물티슈 엠보싱 캡형, 75g, 70매, 10개","10,900원",2420,https://www.coupang.com/vp/products/8187881173?itemId=24426215699&vendorItemId=91440536859&q=물티슈&searchId=14a123b03803696&sourceType=search&itemsCount=36&searchRank=57&rank=57
"브라운라이프 그레이지 도톰한 대용량 아기물티슈 캡형, 10팩, 100매, 50g","10,900원",5,https://www.coupang.com/vp/products/8926408328?itemId=26090856399&vendorItemId=93071642946&sourceType=srp_product_ads&clickEventId=3a454380-7285-11f0-81b9-ca1fb84d57aa&korePlacement=15&koreSubPlacement=59&clickEventId=3a454380-7285-11f0-81b9-ca1fb84d57aa&korePlacement=15&koreSubPlacement=59
"NEEDS 브라운 저자극 도톰 엠보싱 아기물티슈 캡형, 80g, 70매, 10개","15,900원",7827,https://www.coupang.com/vp/products/6702057150?itemId=15527560731&vendorItemId=82746777680&sourceType=srp_product_ads&clickEventId=3a454380-7285-11f0-be92-b3ab51c708a3&korePlacement=15&koreSubPlacement=60&clickEventId=3a454380-7285-11f0-be92-b3ab51c708a3&korePlacement=15&koreSubPlacement=60
"비컴 화이트 물티슈 캡형, 50g, 100매, 10개","9,900원",6581,https://www.coupang.com/vp/products/7473987129?itemId=19507797580&vendorItemId=86616738018&q=물티슈&searchId=14a123b03803696&sourceType=search&itemsCount=36&searchRank=60&rank=60
"크리넥스 에코그린 물티슈 캡형, 50g, 70매, 4개","5,700원",6678,https://www.coupang.com/vp/products/7014943794?itemId=17252831494&vendorItemId=77294582916&q=물티슈&searchId=14a123b03803696&sourceType=search&itemsCount=36&searchRank=61&rank=61
"크리넥스 코튼클린 베이직 물티슈 캡형, 40g, 72개입, 10개","11,000원",12556,https://www.coupang.com/vp/products/6981798094?itemId=22000992951&vendorItemId=70259048364&q=물티슈&searchId=14a123b03803696&sourceType=search&itemsCount=36&searchRank=62&rank=62
크리넥스 마이비데 키즈 캡형 40매 4개 어린이 아기 유아 화장실 물티슈,"16,910원",0,https://www.coupang.com/vp/products/8787730450?itemId=26218080517&vendorItemId=93197041839&q=물티슈&searchId=14a123b03803696&sourceType=search&itemsCount=36&searchRank=63&rank=63
"베베숲 오리지널 유아물티슈 캡형, 50g, 100매, 10개","12,650원",5853,https://www.coupang.com/vp/products/8179112484?itemId=23379728183&vendorItemId=90409777279&q=물티슈&searchId=14a123b03803696&sourceType=search&itemsCount=36&searchRank=64&rank=64
"코멧 샤인 아기물티슈 캡형, 100매, 20개","13,360원",2242,https://www.coupang.com/vp/products/7674733549?itemId=23156797026&vendorItemId=90189603878&q=물티슈&searchId=14a123b03803696&sourceType=search&itemsCount=36&searchRank=65&rank=65
"델리프 엠보싱 넘버5 베이지 대용량 저자극 아기물티슈 캡형, 50g, 100개입, 10개","10,900원",4374,https://www.coupang.com/vp/products/8323267753?itemId=24025498435&vendorItemId=91045965796&q=물티슈&searchId=14a123b03803696&sourceType=search&itemsCount=36&searchRank=66&rank=66
"Bebeen 오리지널 플러스 영유아물티슈 리필형, 55g, 100매, 10개","13,400원",10561,https://www.coupang.com/vp/products/5568291680?itemId=58244652&vendorItemId=3091339211&q=물티슈&searchId=14a123b03803696&sourceType=search&itemsCount=36&searchRank=67&rank=67
"아쿠아퍼플 물티슈 65평량 80매 20팩(캡형) 모나리자 데이데이비쥬 유아 저자극 물티슈, 20개","30,710원",5,https://www.coupang.com/vp/products/8589892518?itemId=26218247076&vendorItemId=93197205138&q=물티슈&searchId=14a123b03803696&sourceType=search&itemsCount=36&searchRank=68&rank=68
"시치미 쓱 데일리 물티슈 캡형, 10개, 100개입, 50g","11,900원",36585,https://www.coupang.com/vp/products/8607929952?itemId=25087105603&vendorItemId=83921553399&q=물티슈&searchId=14a123b03803696&sourceType=search&itemsCount=36&searchRank=69&rank=69
"리벤스 시그니처 블랙라벨 아기 물티슈 엠보싱 캡형, 10개, 70매, 70g","10,500원",552,https://www.coupang.com/vp/products/8685879220?itemId=25215120492&vendorItemId=92211592879&q=물티슈&searchId=14a123b03803696&sourceType=search&itemsCount=36&searchRank=70&rank=70
"Bebeen 시그니처 영유아물티슈 캡형, 50g, 100매, 10개","12,900원",55899,https://www.coupang.com/vp/products/6812676322?itemId=18449938743&vendorItemId=70440100958&q=물티슈&searchId=14a123b03803696&sourceType=search&itemsCount=36&searchRank=71&rank=71
"브라운라이프 그레이지 도톰한 대용량 아기물티슈 캡형, 10팩, 100매, 50g","10,900원",5,https://www.coupang.com/vp/products/8926408328?itemId=26090856399&vendorItemId=93071642946&sourceType=srp_product_ads&clickEventId=3e993450-7285-11f0-b6b4-251a3f9b2622&korePlacement=15&koreSubPlacement=73&clickEventId=3e993450-7285-11f0-b6b4-251a3f9b2622&korePlacement=15&koreSubPlacement=73
"쿠잉 네이쳐 물티슈 캡형, 120매, 10개","11,900원",15383,https://www.coupang.com/vp/products/6602580021?itemId=14940623618&vendorItemId=82165440919&q=물티슈&searchId=28490b33461008&sourceType=search&itemsCount=36&searchRank=73&rank=73
"브라운 프리미엄 옐로우 아기물티슈 캡형, 73g, 72매, 10개","22,900원",54685,https://www.coupang.com/vp/products/7870430619?itemId=21498415612&vendorItemId=3066423354&sourceType=srp_product_ads&clickEventId=3e993450-7285-11f0-b081-adfaf725b8d0&korePlacement=15&koreSubPlacement=75&clickEventId=3e993450-7285-11f0-b081-adfaf725b8d0&korePlacement=15&koreSubPlacement=75
"오더고 프리미엄 물티슈 캡형100매 10매, 230g, 100매입, 10개","7,490원",1472,https://www.coupang.com/vp/products/8342279145?itemId=24023379325&vendorItemId=91133970714&q=물티슈&searchId=28490b33461008&sourceType=search&itemsCount=36&searchRank=75&rank=75
"브라운 오리지널 플러스 아기물티슈 캡형, 55g, 80매, 10개","18,900원",50414,https://www.coupang.com/vp/products/6489890342?itemId=15153182964&vendorItemId=3349268740&sourceType=srp_product_ads&clickEventId=3e995b60-7285-11f0-8958-d07fa4022e22&korePlacement=15&koreSubPlacement=77&clickEventId=3e995b60-7285-11f0-8958-d07fa4022e22&korePlacement=15&koreSubPlacement=77
"NEEDS 저자극 도톰한 오리지널 밸런스 아기 물티슈 캡형, 55g, 100매, 10세트","10,900원",211,https://www.coupang.com/vp/products/8771712308?itemId=25515682942&vendorItemId=92507609943&q=물티슈&searchId=28490b33461008&sourceType=search&itemsCount=36&searchRank=77&rank=77
"NEEDS 브라운 저자극 도톰 엠보싱 아기물티슈 캡형, 80g, 70매, 10개","15,900원",7827,https://www.coupang.com/vp/products/6702057150?itemId=15527560731&vendorItemId=82746777680&sourceType=srp_product_ads&clickEventId=3e995b60-7285-11f0-8f44-b0b1d068e132&korePlacement=15&koreSubPlacement=79&clickEventId=3e995b60-7285-11f0-8f44-b0b1d068e132&korePlacement=15&koreSubPlacement=79
"모나리자 내추럴 마일드 물티슈 캡형, 120개입, 10개","10,110원",1421,https://www.coupang.com/vp/products/6056463902?itemId=11119652513&vendorItemId=78398375007&q=물티슈&searchId=28490b33461008&sourceType=search&itemsCount=36&searchRank=79&rank=79
"크리넥스 코튼클린 오리지널 물티슈 캡형, 47g, 90매, 8개","11,860원",9694,https://www.coupang.com/vp/products/6981792166?itemId=25565853251&vendorItemId=87418502162&q=물티슈&searchId=28490b33461008&sourceType=search&itemsCount=36&searchRank=80&rank=80
"깨끗한나라 물티슈 페퍼민트블루 캡형, 60개입, 4개","5,870원",72498,https://www.coupang.com/vp/products/8255471863?itemId=276346601&vendorItemId=3670473648&q=물티슈&searchId=28490b33461008&sourceType=search&itemsCount=36&searchRank=81&rank=81
"브라운 프리미엄 옐로우 아기물티슈 캡형, 73g, 72매, 20개","42,900원",54685,https://www.coupang.com/vp/products/7870430619?itemId=894885267&vendorItemId=88715546424&sourceType=srp_product_ads&clickEventId=3e995b60-7285-11f0-bc4e-45002ab78f9a&korePlacement=15&koreSubPlacement=83&clickEventId=3e995b60-7285-11f0-bc4e-45002ab78f9a&korePlacement=15&koreSubPlacement=83
"코멧 라이트 플러스 대용량 아기물티슈 캡형, 40g, 120개입, 10개","8,490원",4464,https://www.coupang.com/vp/products/6758058229?itemId=24596387854&vendorItemId=91607955596&q=물티슈&searchId=28490b33461008&sourceType=search&itemsCount=36&searchRank=83&rank=83
"업소용물티슈 나때는말이야 1000매 일회용 식당용 영업용 주방용 도톰한 업소 1회용 식당 냅킨 개별포장 무지 카페 카페용 덕용 미니 대용량 물수건 물티슈, 1000개, 1000개입","15,800원",26,https://www.coupang.com/vp/products/7885632541?itemId=24694524733&vendorItemId=92474476735&sourceType=srp_product_ads&clickEventId=3e995b60-7285-11f0-8639-da44a130e58e&korePlacement=15&koreSubPlacement=85&clickEventId=3e995b60-7285-11f0-8639-da44a130e58e&korePlacement=15&koreSubPlacement=85
"줄라이 유아용 클린브리즈 물티슈 캡형, 10세트, 100매, 55g","10,900원",152,https://www.coupang.com/vp/products/8785285505?itemId=25564477614&vendorItemId=92555711385&q=물티슈&searchId=28490b33461008&sourceType=search&itemsCount=36&searchRank=85&rank=85
"위드네이쳐 데일리 아기물티슈 캡형, 47g, 120개입, 10개","11,990원",7109,https://www.coupang.com/vp/products/8058975341?itemId=22631872329&vendorItemId=3141031779&q=물티슈&searchId=28490b33461008&sourceType=search&itemsCount=36&searchRank=86&rank=86
"베베앙 라이트 아기물티슈 리필 43gsm, 100매, 10개","11,330원",20015,https://www.coupang.com/vp/products/6760708929?itemId=15843668485&vendorItemId=3517697983&q=물티슈&searchId=28490b33461008&sourceType=search&itemsCount=36&searchRank=87&rank=87
"하늘선물 물티슈 100매 캡형 24팩, 24개","19,990원",8844,https://www.coupang.com/vp/products/8750535426?itemId=70112096&vendorItemId=4812605912&q=물티슈&searchId=28490b33461008&sourceType=search&itemsCount=36&searchRank=88&rank=88
"베베숲 오리진 물티슈 캡형, 50g, 100매, 5개","8,900원",52544,https://www.coupang.com/vp/products/7455919074?itemId=23303725485&vendorItemId=90335764275&q=물티슈&searchId=28490b33461008&sourceType=search&itemsCount=36&searchRank=89&rank=89
"센스 오키 물티슈 캡형, 40g, 100개입, 10개","9,900원",41280,https://www.coupang.com/vp/products/6894400925?itemId=14020426136&vendorItemId=3287809363&q=물티슈&searchId=28490b33461008&sourceType=search&itemsCount=36&searchRank=90&rank=90
"순둥이 베이직 무향 엠보싱 유아물티슈 캡형, 55g, 100매, 10개","21,460원",48314,https://www.coupang.com/vp/products/8750190042?itemId=142588261&vendorItemId=3310040169&q=물티슈&searchId=28490b33461008&sourceType=search&itemsCount=36&searchRank=91&rank=91
"브라운 네이처 센시티브 아기물티슈 캡형, 73g, 70매, 10개","20,900원",13991,https://www.coupang.com/vp/products/6572547685?itemId=20271557145&vendorItemId=81999310148&sourceType=srp_product_ads&clickEventId=3e995b60-7285-11f0-89fa-943d8e15e6a5&korePlacement=15&koreSubPlacement=93&clickEventId=3e995b60-7285-11f0-89fa-943d8e15e6a5&korePlacement=15&koreSubPlacement=93
"노브랜드 도톰한 100매 물티슈, 100개입, 10개","13,150원",9135,https://www.coupang.com/vp/products/2056087318?itemId=24195900060&vendorItemId=92141665486&q=물티슈&searchId=28490b33461008&sourceType=search&itemsCount=36&searchRank=93&rank=93
"업소용물티슈 라떼는말이야 1000매 꼰대물티슈 기성품 제작물티슈 일회용 대용량 개별포장 펄지 식당 카페 배달 미니 무지 식당용 실속형 알뜰형 낱개포장 물수건 가성비 1매물티슈, 1개, 1000매입","14,530원",695,https://www.coupang.com/vp/products/7804357656?itemId=24741308129&vendorItemId=88206491219&sourceType=srp_product_ads&clickEventId=3e995b60-7285-11f0-9e07-254a6a1471a2&korePlacement=15&koreSubPlacement=95&clickEventId=3e995b60-7285-11f0-9e07-254a6a1471a2&korePlacement=15&koreSubPlacement=95
"브라운 네이처 프리미엄 아기물티슈 캡형, 75g, 72매, 10개","24,900원",7562,https://www.coupang.com/vp/products/44828190?itemId=160515519&vendorItemId=3377968620&sourceType=srp_product_ads&clickEventId=3e995b60-7285-11f0-896a-3f81814c1942&korePlacement=15&koreSubPlacement=96&clickEventId=3e995b60-7285-11f0-896a-3f81814c1942&korePlacement=15&koreSubPlacement=96
"코멧 퓨어 라이트 아기물티슈 캡형, 120매, 10개","7,990원",1430,https://www.coupang.com/vp/products/7390950338?itemId=19108530434&vendorItemId=86228787182&q=물티슈&searchId=28490b33461008&sourceType=search&itemsCount=36&searchRank=96&rank=96
"본블랑 순한 물티슈 캡형, 50g, 100매, 20개","16,900원",1006,https://www.coupang.com/vp/products/8627109551?itemId=24949401585&vendorItemId=92047018482&q=물티슈&searchId=28490b33461008&sourceType=search&itemsCount=36&searchRank=97&rank=97
"벨라 에센스 엠보싱 물티슈 캡형, 10개, 100매, 50g","11,200원",575,https://www.coupang.com/vp/products/8481429539?itemId=24543897843&vendorItemId=91556322083&q=물티슈&searchId=28490b33461008&sourceType=search&itemsCount=36&searchRank=98&rank=98
"블루나 더퍼스트 물티슈 화이트 캡형, 10개, 100개입, 55g","11,900원",827,https://www.coupang.com/vp/products/8253669824?itemId=24085862667&vendorItemId=91105378650&q=물티슈&searchId=28490b33461008&sourceType=search&itemsCount=36&searchRank=99&rank=99
"도리도리 패턴플레이 오리지널 아기물티슈 캡형, 55g, 100개입, 10개","11,900원",14628,https://www.coupang.com/vp/products/8142147563?itemId=23139186665&vendorItemId=85274419805&q=물티슈&searchId=28490b33461008&sourceType=search&itemsCount=36&searchRank=100&rank=100
"순수나라 올케어 베이직 물티슈 캡형, 40g, 100매, 10개","8,990원",1098,https://www.coupang.com/vp/products/7490945138?itemId=21326286628&vendorItemId=88385064427&q=물티슈&searchId=28490b33461008&sourceType=search&itemsCount=36&searchRank=101&rank=101
"브라운라이프 베이지 엠보싱 대용량 물티슈 캡형, 50g, 100매, 10개","11,900원",6778,https://www.coupang.com/vp/products/8161005570?itemId=23266594500&vendorItemId=90298957832&q=물티슈&searchId=28490b33461008&sourceType=search&itemsCount=36&searchRank=102&rank=102
"크리넥스 에코그린 소프트 물티슈 캡형, 80개입, 10개","15,700원",2439,https://www.coupang.com/vp/products/7062851581?itemId=15122549609&vendorItemId=82344274414&q=물티슈&searchId=28490b33461008&sourceType=search&itemsCount=36&searchRank=103&rank=103
"블루나 더퍼스트 블루 물티슈 캡형, 10세트, 70매, 70g","9,990원",898,https://www.coupang.com/vp/products/8266121297?itemId=24085818007&vendorItemId=91105333979&q=물티슈&searchId=28490b33461008&sourceType=search&itemsCount=36&searchRank=104&rank=104
"순수나라 올케어 베이직 물티슈 캡형, 40g, 100매, 20개","15,990원",1098,https://www.coupang.com/vp/products/7490945138?itemId=19587796348&vendorItemId=91508788844&q=물티슈&searchId=28490b33461008&sourceType=search&itemsCount=36&searchRank=105&rank=105
"네이즈 베이직 물티슈 캡형, 40g, 100매, 3세트","4,600원",298,https://www.coupang.com/vp/products/8333589034?itemId=24069031241&vendorItemId=91088781826&q=물티슈&searchId=28490b33461008&sourceType=search&itemsCount=36&searchRank=106&rank=106
"베베숲 헬로 500 물티슈 캡형 50gsm, 50g, 100매, 10개","13,400원",12426,https://www.coupang.com/vp/products/5676945805?itemId=9365311797&vendorItemId=76650516129&q=물티슈&searchId=28490b33461008&sourceType=search&itemsCount=36&searchRank=107&rank=107
"브라운라이프 그레이지 도톰한 대용량 아기물티슈 캡형, 10팩, 100매, 50g","10,900원",5,https://www.coupang.com/vp/products/8926408328?itemId=26090856399&vendorItemId=93071642946&sourceType=srp_product_ads&clickEventId=423323f0-7285-11f0-81cd-8a3a281cce2e&korePlacement=15&koreSubPlacement=109&clickEventId=423323f0-7285-11f0-81cd-8a3a281cce2e&korePlacement=15&koreSubPlacement=109
"NEEDS 브라운 저자극 도톰 엠보싱 아기물티슈 캡형, 80g, 70매, 10개","15,900원",7827,https://www.coupang.com/vp/products/6702057150?itemId=15527560731&vendorItemId=82746777680&q=물티슈&searchId=2ee320266422277&sourceType=search&itemsCount=36&searchRank=109&rank=109
"베베숲 시그니처 블루 유아물티슈 캡형, 75g, 70매, 10개","23,900원",102266,https://www.coupang.com/vp/products/6532149469?itemId=6922145055&vendorItemId=3096887843&sourceType=srp_product_ads&clickEventId=423323f0-7285-11f0-b3f8-e7bd5f0c8ad6&korePlacement=15&koreSubPlacement=111&clickEventId=423323f0-7285-11f0-b3f8-e7bd5f0c8ad6&korePlacement=15&koreSubPlacement=111
"깨끗한나라 페퍼민트 엠보싱 물티슈 캡형, 70매입, 10개","12,900원",746,https://www.coupang.com/vp/products/8440311401?itemId=23798975757&vendorItemId=90530635641&q=물티슈&searchId=2ee320266422277&sourceType=search&itemsCount=36&searchRank=111&rank=111
"탐사 클래식 물티슈 캡형, 100매, 10개","7,890원",286072,https://www.coupang.com/vp/products/305672892?itemId=963428194&vendorItemId=5366452533&sourceType=srp_product_ads&clickEventId=423323f0-7285-11f0-bcb2-8902791edd33&korePlacement=15&koreSubPlacement=113&clickEventId=423323f0-7285-11f0-bcb2-8902791edd33&korePlacement=15&koreSubPlacement=113
"깨끗한나라 페퍼민트 블루 물티슈 리필형, 70매, 10개","11,900원",17551,https://www.coupang.com/vp/products/9297444?itemId=16913583876&vendorItemId=86671903818&q=물티슈&searchId=2ee320266422277&sourceType=search&itemsCount=36&searchRank=113&rank=113
"업소용물티슈 나때는말이야 1000매 일회용 식당용 영업용 주방용 도톰한 업소 1회용 식당 냅킨 개별포장 무지 카페 카페용 덕용 미니 대용량 물수건 물티슈, 1000개, 1000개입","15,800원",26,https://www.coupang.com/vp/products/7885632541?itemId=24694524733&vendorItemId=92474476735&sourceType=srp_product_ads&clickEventId=423323f0-7285-11f0-a985-f22eb1e5a4d0&korePlacement=15&koreSubPlacement=115&clickEventId=423323f0-7285-11f0-a985-f22eb1e5a4d0&korePlacement=15&koreSubPlacement=115
"땡큐 오리지널 물티슈 100매(캡형), 100매, 20개","13,900원",10954,https://www.coupang.com/vp/products/6326063614?itemId=19433385901&vendorItemId=92612630003&q=물티슈&searchId=2ee320266422277&sourceType=search&itemsCount=36&searchRank=115&rank=115
"브라운라이프 그레이지 도톰한 대용량 아기물티슈 캡형, 10팩, 100매, 50g","10,900원",5,https://www.coupang.com/vp/products/8926408328?itemId=26090856399&vendorItemId=93071642946&q=물티슈&searchId=2ee320266422277&sourceType=search&itemsCount=36&searchRank=116&rank=116
"퓨어스트 시그니처 초순수 저자극 엠보싱 아기물티슈 캡형, 10개, 100매, 50g","10,900원",829,https://www.coupang.com/vp/products/8297602942?itemId=23933741868&vendorItemId=90955742728&q=물티슈&searchId=2ee320266422277&sourceType=search&itemsCount=36&searchRank=117&rank=117
"미엘 클래식 물티슈 캡형, 50g, 100매, 20개","23,060원",16150,https://www.coupang.com/vp/products/8390034039?itemId=17861079128&vendorItemId=70859134256&sourceType=srp_product_ads&clickEventId=423323f0-7285-11f0-b41c-c922896e0316&korePlacement=15&koreSubPlacement=119&clickEventId=423323f0-7285-11f0-b41c-c922896e0316&korePlacement=15&koreSubPlacement=119
"[비건라이프] 깨끗한나라 편백 민트 물티슈 캡형, 80매입, 10개","12,650원",17,https://www.coupang.com/vp/products/7852071186?itemId=21404302464&vendorItemId=88460880084&q=물티슈&searchId=2ee320266422277&sourceType=search&itemsCount=36&searchRank=119&rank=119
"브라운 오리지널 플러스 아기물티슈 캡형, 55g, 80매, 10개","18,900원",50414,https://www.coupang.com/vp/products/6489890342?itemId=15153182964&vendorItemId=3349268740&sourceType=srp_product_ads&clickEventId=423323f0-7285-11f0-8869-70c803a508b9&korePlacement=15&koreSubPlacement=121&clickEventId=423323f0-7285-11f0-8869-70c803a508b9&korePlacement=15&koreSubPlacement=121
"베베망 오리지널 제로 아기물티슈 캡형, 120매, 10개","15,990원",8553,https://www.coupang.com/vp/products/5871365557?itemId=10274225296&vendorItemId=77556613684&q=물티슈&searchId=2ee320266422277&sourceType=search&itemsCount=36&searchRank=121&rank=121
"코멧 퓨어 라이트 아기물티슈 캡형, 120매, 20개","15,500원",1430,https://www.coupang.com/vp/products/7390950338?itemId=19356423171&vendorItemId=86469517647&q=물티슈&searchId=2ee320266422277&sourceType=search&itemsCount=36&searchRank=122&rank=122
"비브어반네이처 허니로즈 아기물티슈 캡형, 50g, 100매, 20개","19,800원",17832,https://www.coupang.com/vp/products/7060621760?itemId=18729357852&vendorItemId=85861963856&q=물티슈&searchId=2ee320266422277&sourceType=search&itemsCount=36&searchRank=123&rank=123
"베이비베이비 트윙클 대용량 아기물티슈 캡형, 43g, 120매, 20개","14,900원",816,https://www.coupang.com/vp/products/7757339636?itemId=24089434168&vendorItemId=91108916663&q=물티슈&searchId=2ee320266422277&sourceType=search&itemsCount=36&searchRank=124&rank=124
"모나리자 내추럴 플러스 물티슈 캡형, 192g, 100매입, 40개","29,900원",12340,https://www.coupang.com/vp/products/8312207271?itemId=19062995838&vendorItemId=91379371299&q=물티슈&searchId=2ee320266422277&sourceType=search&itemsCount=36&searchRank=125&rank=125
"벨라 에센스 엠보싱 물티슈 캡형, 10개, 100매, 50g","11,200원",2,https://www.coupang.com/vp/products/8814723703?itemId=25682691475&vendorItemId=92672001420&q=물티슈&searchId=2ee320266422277&sourceType=search&itemsCount=36&searchRank=126&rank=126
"탐사 깨끗하게 물티슈 캡형, 100개입, 20개","14,720원",11075,https://www.coupang.com/vp/products/7674733545?itemId=21718485100&vendorItemId=88767752944&q=물티슈&searchId=2ee320266422277&sourceType=search&itemsCount=36&searchRank=127&rank=127
"시치미 쓱 데일리 물티슈 캡형, 10개, 100개입, 50g","11,900원",36585,https://www.coupang.com/vp/products/8607929952?itemId=25087105603&vendorItemId=83921553399&sourceType=srp_product_ads&clickEventId=42334b00-7285-11f0-b0d2-c2e75927f4f0&korePlacement=15&koreSubPlacement=129&clickEventId=42334b00-7285-11f0-b0d2-c2e75927f4f0&korePlacement=15&koreSubPlacement=129
"네이처스토리 오리지널 물티슈 캡형, 50g, 100매, 10개","13,400원",49689,https://www.coupang.com/vp/products/6372190566?itemId=13502298555&vendorItemId=3062694058&q=물티슈&searchId=2ee320266422277&sourceType=search&itemsCount=36&searchRank=129&rank=129
"브라운 프리미엄 옐로우 아기물티슈 캡형, 73g, 72매, 10개","22,900원",54685,https://www.coupang.com/vp/products/7870430619?itemId=21498415612&vendorItemId=3066423354&sourceType=srp_product_ads&clickEventId=42334b00-7285-11f0-a499-7ef7a3003950&korePlacement=15&koreSubPlacement=131&clickEventId=42334b00-7285-11f0-a499-7ef7a3003950&korePlacement=15&koreSubPlacement=131
"업소용물티슈 배달 800매 개별포장 대용량 배달용 식당용 업소용 판촉 일회용 물티슈, 1개, 800개입, 35g","15,800원",9,https://www.coupang.com/vp/products/8677524948?itemId=25190797708&vendorItemId=92619858181&sourceType=srp_product_ads&clickEventId=42334b00-7285-11f0-8e70-844f5dec6a65&korePlacement=15&koreSubPlacement=132&clickEventId=42334b00-7285-11f0-8e70-844f5dec6a65&korePlacement=15&koreSubPlacement=132
"브라운 프리미엄 옐로우 아기물티슈 리필형, 73g, 72매, 10개","22,900원",6782,https://www.coupang.com/vp/products/7870377973?itemId=21203367102&vendorItemId=3066423351&q=물티슈&searchId=2ee320266422277&sourceType=search&itemsCount=36&searchRank=132&rank=132
"순둥이 베이직 유아물티슈 캡형, 55g, 80매, 10개","18,520원",48314,https://www.coupang.com/vp/products/8750190042?itemId=55206380&vendorItemId=3000275893&q=물티슈&searchId=2ee320266422277&sourceType=search&itemsCount=36&searchRank=133&rank=133
"도리도리 퓨어라이트 아기물티슈 캡형, 10세트, 100매, 35g","6,900원",248,https://www.coupang.com/vp/products/8461557169?itemId=24478567856&vendorItemId=91492021352&q=물티슈&searchId=2ee320266422277&sourceType=search&itemsCount=36&searchRank=134&rank=134
"도리도리 패턴플레이 시그니처 아기물티슈 캡형, 50g, 100개입, 10개","10,980원",14628,https://www.coupang.com/vp/products/8142147563?itemId=19445860387&vendorItemId=85283440778&q=물티슈&searchId=2ee320266422277&sourceType=search&itemsCount=36&searchRank=135&rank=135
"[비건라이프] 올담 몬스테라 아기 물티슈 캡형 60gsm, 70매, 10세트","17,500원",3379,https://www.coupang.com/vp/products/128875249?itemId=379657332&vendorItemId=3919767817&q=물티슈&searchId=2ee320266422277&sourceType=search&itemsCount=36&searchRank=136&rank=136
"[특가] 모나리자 내추럴 포레스트 물티슈 캡형 100매 10팩 (녹차성분), 100개입, 10개","13,600원",345,https://www.coupang.com/vp/products/7461301541?itemId=15486477555&vendorItemId=82705879024&q=물티슈&searchId=2ee320266422277&sourceType=search&itemsCount=36&searchRank=137&rank=137
"블루나 더퍼스트 물티슈 화이트, 20세트, 100개입, 55g","19,990원",827,https://www.coupang.com/vp/products/8253669824?itemId=23765722435&vendorItemId=90790075908&q=물티슈&searchId=2ee320266422277&sourceType=search&itemsCount=36&searchRank=138&rank=138
"베베숲 시그니처 블루 유아물티슈 캡형, 75g, 70매, 10개","23,900원",102266,https://www.coupang.com/vp/products/6532149469?itemId=6922145055&vendorItemId=3096887843&q=물티슈&searchId=2ee320266422277&sourceType=search&itemsCount=36&searchRank=139&rank=139
"꿈토리물티슈 도톰한 나비의꿈 캡형 55gsm, 60개입, 20세트","12,900원",4965,https://www.coupang.com/vp/products/7744432949?itemId=20844073915&vendorItemId=3021213648&q=물티슈&searchId=2ee320266422277&sourceType=search&itemsCount=36&searchRank=140&rank=140
"도리도리 퓨어 물티슈 리필형, 40g, 100매, 20개","14,900원",34792,https://www.coupang.com/vp/products/7337923814?itemId=23108764688&vendorItemId=3061863242&q=물티슈&searchId=2ee320266422277&sourceType=search&itemsCount=36&searchRank=141&rank=141
"브라운 네이처 센시티브 아기물티슈 캡형, 73g, 70매, 10개","20,900원",13991,https://www.coupang.com/vp/products/6572547685?itemId=20271557145&vendorItemId=81999310148&q=물티슈&searchId=2ee320266422277&sourceType=search&itemsCount=36&searchRank=142&rank=142
"크리넥스 수앤수 카카오 라이언 물티슈 캡형, 3개","6,000원",529,https://www.coupang.com/vp/products/6712003746?itemId=24810308907&vendorItemId=91817861373&q=물티슈&searchId=2ee320266422277&sourceType=search&itemsCount=36&searchRank=143&rank=143
"브라운라이프 그레이지 도톰한 대용량 아기물티슈 캡형, 10팩, 100매, 50g","10,900원",5,https://www.coupang.com/vp/products/8926408328?itemId=26090856399&vendorItemId=93071642946&sourceType=srp_product_ads&clickEventId=46466240-7285-11f0-b62d-870390b367c7&korePlacement=15&koreSubPlacement=145&clickEventId=46466240-7285-11f0-b62d-870390b367c7&korePlacement=15&koreSubPlacement=145
"아이러브베베 핑크 아기물티슈 캡형 43gsm, 43g, 100개입, 20개","15,700원",3139,https://www.coupang.com/vp/products/8668995712?itemId=19346901149&vendorItemId=75454342515&q=물티슈&searchId=3081fc4f3144786&sourceType=search&itemsCount=36&searchRank=145&rank=145
"업소용물티슈 나때는말이야 1000매 일회용 식당용 영업용 주방용 도톰한 업소 1회용 식당 냅킨 개별포장 무지 카페 카페용 덕용 미니 대용량 물수건 물티슈, 1000개, 1000개입","15,800원",26,https://www.coupang.com/vp/products/7885632541?itemId=24694524733&vendorItemId=92474476735&sourceType=srp_product_ads&clickEventId=46468950-7285-11f0-aa06-21e8e8b65c70&korePlacement=15&koreSubPlacement=147&clickEventId=46468950-7285-11f0-aa06-21e8e8b65c70&korePlacement=15&koreSubPlacement=147
"미니응원그린 물티슈 500매입, 500개","12,900원",281,https://www.coupang.com/vp/products/7295248042?itemId=18654936318&vendorItemId=85789695515&q=물티슈&searchId=3081fc4f3144786&sourceType=search&itemsCount=36&searchRank=147&rank=147
"브라운 프리미엄 옐로우 아기물티슈 캡형, 73g, 72매, 10개","22,900원",54685,https://www.coupang.com/vp/products/7870430619?itemId=21498415612&vendorItemId=3066423354&sourceType=srp_product_ads&clickEventId=46468950-7285-11f0-baed-71405fd1e99e&korePlacement=15&koreSubPlacement=149&clickEventId=46468950-7285-11f0-baed-71405fd1e99e&korePlacement=15&koreSubPlacement=149
"랄랄라 토마토 물티슈 캡형, 50g, 100개입, 10개","10,900원",956,https://www.coupang.com/vp/products/8364031467?itemId=24165722593&vendorItemId=91184121062&q=물티슈&searchId=3081fc4f3144786&sourceType=search&itemsCount=36&searchRank=149&rank=149
"베베숲 시그니처 블루 유아물티슈 캡형, 75g, 70매, 10개","23,900원",102266,https://www.coupang.com/vp/products/6532149469?itemId=6922145055&vendorItemId=3096887843&sourceType=srp_product_ads&clickEventId=46468950-7285-11f0-b00d-178fa81a8ff3&korePlacement=15&koreSubPlacement=151&clickEventId=46468950-7285-11f0-b00d-178fa81a8ff3&korePlacement=15&koreSubPlacement=151
"크리넥스 코튼클린 베이직 물티슈 캡형, 40g, 72매, 20개","22,000원",12556,https://www.coupang.com/vp/products/6981798094?itemId=22001287710&vendorItemId=84723561580&q=물티슈&searchId=3081fc4f3144786&sourceType=search&itemsCount=36&searchRank=151&rank=151
"배냇짓 좋아서쓰는 더 프리미엄 아기물티슈 캡형, 50g, 100개입, 10개","12,770원",6999,https://www.coupang.com/vp/products/7253472965?itemId=13251355636&vendorItemId=80509227597&q=물티슈&searchId=3081fc4f3144786&sourceType=search&itemsCount=36&searchRank=152&rank=152
"슈퍼대디 소프트 미피 물티슈 캡형, 50g, 100매, 10개","13,400원",49446,https://www.coupang.com/vp/products/6304061549?itemId=19879349364&vendorItemId=70308133916&q=물티슈&searchId=3081fc4f3144786&sourceType=search&itemsCount=36&searchRank=153&rank=153
"브라운 오리지널 플러스 아기물티슈 캡형, 55g, 80매, 10개","18,900원",50414,https://www.coupang.com/vp/products/6489890342?itemId=15153182964&vendorItemId=3349268740&sourceType=srp_product_ads&clickEventId=46468950-7285-11f0-8c4b-6870e9ccbf87&korePlacement=15&koreSubPlacement=155&clickEventId=46468950-7285-11f0-8c4b-6870e9ccbf87&korePlacement=15&koreSubPlacement=155
"미엘 시그니처 물티슈 캡형, 55g, 100매, 10개","13,090원",12354,https://www.coupang.com/vp/products/7148692699?itemId=25117420300&vendorItemId=93071530636&q=물티슈&searchId=3081fc4f3144786&sourceType=search&itemsCount=36&searchRank=155&rank=155
"브라운 네이처 센시티브 아기물티슈 캡형, 73g, 70매, 10개","20,900원",13991,https://www.coupang.com/vp/products/6572547685?itemId=20271557145&vendorItemId=81999310148&sourceType=srp_product_ads&clickEventId=46468950-7285-11f0-8a68-f54280203daf&korePlacement=15&koreSubPlacement=157&clickEventId=46468950-7285-11f0-8a68-f54280203daf&korePlacement=15&koreSubPlacement=157
"깨끗한나라 베이비 케어 디 오리진 물티슈 캡형, 50g, 100매, 20개","17,800원",2787,https://www.coupang.com/vp/products/7837075849?itemId=21401406706&vendorItemId=88458023751&q=물티슈&searchId=3081fc4f3144786&sourceType=search&itemsCount=36&searchRank=157&rank=157
"미엘 클래식 물티슈 캡형, 50g, 100매, 20개","23,060원",16150,https://www.coupang.com/vp/products/8390034039?itemId=17861079128&vendorItemId=70859134256&q=물티슈&searchId=3081fc4f3144786&sourceType=search&itemsCount=36&searchRank=158&rank=158
"베베앙 K 5.0 영유아물티슈 캡형, 100매, 10개","12,990원",6916,https://www.coupang.com/vp/products/6070018377?itemId=11202095529&vendorItemId=78479788462&q=물티슈&searchId=3081fc4f3144786&sourceType=search&itemsCount=36&searchRank=159&rank=159
"데일리워터 간편한장 손걸레 청소 물티슈 캡형 80매, 10개","19,900원",2225,https://www.coupang.com/vp/products/6645729769?itemId=41258684&vendorItemId=3063131355&q=물티슈&searchId=3081fc4f3144786&sourceType=search&itemsCount=36&searchRank=160&rank=160
"프랑프랑 플라스틱0% 에코 오리지널 65gsm 생분해 물티슈, 10개, 70개입","19,580원",1010,https://www.coupang.com/vp/products/7568770212?itemId=19955880017&vendorItemId=92609757226&q=물티슈&searchId=3081fc4f3144786&sourceType=search&itemsCount=36&searchRank=161&rank=161
"네이처스토리 오리지널 물티슈 캡형, 347g, 100개입, 20개","24,900원",49689,https://www.coupang.com/vp/products/6372190566?itemId=14182128080&vendorItemId=76146679029&q=물티슈&searchId=3081fc4f3144786&sourceType=search&itemsCount=36&searchRank=162&rank=162
"베베숲 센시티브 엠보싱 물티슈 캡형, 65g, 80개입, 10개","22,900원",162659,https://www.coupang.com/vp/products/4326590246?itemId=17303790543&vendorItemId=3000125196&q=물티슈&searchId=3081fc4f3144786&sourceType=search&itemsCount=36&searchRank=163&rank=163
"업소용물티슈 배달 800매 개별포장 대용량 배달용 식당용 업소용 판촉 일회용 물티슈, 1개, 800개입, 35g","15,800원",9,https://www.coupang.com/vp/products/8677524948?itemId=25190797708&vendorItemId=92619858181&sourceType=srp_product_ads&clickEventId=46468950-7285-11f0-a42d-45298479f9cd&korePlacement=15&koreSubPlacement=165&clickEventId=46468950-7285-11f0-a42d-45298479f9cd&korePlacement=15&koreSubPlacement=165
"리벤스 유아용 시그니처 블루 도톰한 엠보싱 물티슈 캡형, 20개, 70매, 75g","21,800원",4096,https://www.coupang.com/vp/products/8466035420?itemId=24495587306&vendorItemId=91508759655&q=물티슈&searchId=3081fc4f3144786&sourceType=search&itemsCount=36&searchRank=165&rank=165
"NEEDS 브라운 저자극 도톰 엠보싱 아기물티슈 캡형, 80g, 70매, 10개","15,900원",7827,https://www.coupang.com/vp/products/6702057150?itemId=15527560731&vendorItemId=82746777680&sourceType=srp_product_ads&clickEventId=46468950-7285-11f0-be60-713cfcc21e1f&korePlacement=15&koreSubPlacement=167&clickEventId=46468950-7285-11f0-be60-713cfcc21e1f&korePlacement=15&koreSubPlacement=167
"브라운 프리미엄 옐로우 아기물티슈 캡형, 73g, 72매, 20개","42,900원",54685,https://www.coupang.com/vp/products/7870430619?itemId=894885267&vendorItemId=88715546424&sourceType=srp_product_ads&clickEventId=46468950-7285-11f0-a199-fb5e9702ddc5&korePlacement=15&koreSubPlacement=168&clickEventId=46468950-7285-11f0-a199-fb5e9702ddc5&korePlacement=15&koreSubPlacement=168
"페넬로페 볼리드 화이트 저자극 아기물티슈 캡형, 50g, 100매, 10개","12,900원",11742,https://www.coupang.com/vp/products/7143844663?itemId=17945222128&vendorItemId=85103050238&q=물티슈&searchId=3081fc4f3144786&sourceType=search&itemsCount=36&searchRank=168&rank=168
"노브랜드 도톰한 100매 물티슈, 20개, 100매입, 50g","21,280원",104,https://www.coupang.com/vp/products/8283808536?itemId=24053989467&vendorItemId=91175830975&q=물티슈&searchId=3081fc4f3144786&sourceType=search&itemsCount=36&searchRank=169&rank=169
"그린핑거 카카오 오리지널 엠보싱 물티슈 랜덤발송 캡형, 40g, 100개입, 10세트","11,800원",683,https://www.coupang.com/vp/products/8579069508?itemId=24864723995&vendorItemId=91871726087&q=물티슈&searchId=3081fc4f3144786&sourceType=search&itemsCount=36&searchRank=170&rank=170
"Bebeen 센시티브 영유아물티슈 캡형, 60g, 80매, 10개","15,450원",8612,https://www.coupang.com/vp/products/5156420346?itemId=6361816611&vendorItemId=72353121810&q=물티슈&searchId=3081fc4f3144786&sourceType=search&itemsCount=36&searchRank=171&rank=171
"리벤스 스페셜 민트 물티슈 캡형, 20세트, 100매, 40g","12,900원",1,https://www.coupang.com/vp/products/8814784661?itemId=25683001079&vendorItemId=92672305820&q=물티슈&searchId=3081fc4f3144786&sourceType=search&itemsCount=36&searchRank=172&rank=172
"블랑슈 프리미엄 더블랙 유아물티슈 캡형, 75g, 70개입, 10개","17,970원",12103,https://www.coupang.com/vp/products/5585414571?itemId=8940564797&vendorItemId=76227123200&q=물티슈&searchId=3081fc4f3144786&sourceType=search&itemsCount=36&searchRank=173&rank=173
"블랑슈 프리미엄 블랙 라벨 아기물티슈 캡형, 76g, 72개입, 10개","17,990원",1164,https://www.coupang.com/vp/products/7837620493?itemId=21327836709&vendorItemId=88386477306&q=물티슈&searchId=3081fc4f3144786&sourceType=search&itemsCount=36&searchRank=174&rank=174
"탐사 점보 사이즈 도톰한 엠보싱 물티슈 캡형, 4세트, 70매입, 50g","6,270원",448,https://www.coupang.com/vp/products/8309089361?itemId=23974674720&vendorItemId=90995972834&q=물티슈&searchId=3081fc4f3144786&sourceType=search&itemsCount=36&searchRank=175&rank=175
"베베숲 프리미어 물티슈 캡형, 70매, 10개","14,640원",19618,https://www.coupang.com/vp/products/8192791429?itemId=23452601776&vendorItemId=88725141999&q=물티슈&searchId=3081fc4f3144786&sourceType=search&itemsCount=36&searchRank=176&rank=176
"하기스 퓨어그린 아기물티슈 캡형, 55g, 72매, 10개","13,300원",13405,https://www.coupang.com/vp/products/6615096004?itemId=15016467162&vendorItemId=82239205259&q=물티슈&searchId=3081fc4f3144786&sourceType=search&itemsCount=36&searchRank=177&rank=177
"베베숲 시그니처 브라운 물티슈 캡형 65gsm, 65g, 70개입, 10개","20,770원",2925,https://www.coupang.com/vp/products/8669041901?itemId=12209817589&vendorItemId=85167757202&q=물티슈&searchId=3081fc4f3144786&sourceType=search&itemsCount=36&searchRank=178&rank=178
"벨라 에센스 엠보싱 물티슈 캡형, 20개, 100매, 50g","22,200원",575,https://www.coupang.com/vp/products/8481429539?itemId=24543565065&vendorItemId=91555997303&q=물티슈&searchId=3081fc4f3144786&sourceType=search&itemsCount=36&searchRank=179&rank=179
